Name,Description,Stereotype,Component Functions,Parent Function,Is Realized by Processes,Orchestrated as Processes,Organization Unit,Role,Supported by Logical Application Components,Provided access by Business Services,Guided by Principles,Constrained by Constraints,Based on Assumptions,Applicable Standards,Gaps to satisy,Work Packages Planned,Elem Bus Process,ID,Category,Source,Owner,Strategic Importance,Aggregated Total Cost of Ownership,Average Cost per supported Organization Unit,OSLCLink,Reference Documents,Initial Date,Last Change Date,Initial Time,Last Change Time,Initial Audit,Last Change Audit,GUID
Accounting,"Accounting entails accounting for assets, liabilities, fund balances, revenues and expenses associated with the maintenance of funds and expenditure of appropriations (Salaries and Expenses, Operation and Maintenance, Procurement, Working Capital, Trust Funds, etc.), in accordance with applicable standards (FASAB, Treasury, OMB, GAO, etc.)",Function Depiction,,"""Financial Management""",,,,,"""Account Management""","""Archive Account""
",,,,,,,,,,,,Medium,,,,,2/5/2010,4/22/2014,11:23:25 AM,6:41:53 PM,SAXTUSR,LouV,6f2ea018-f182-4067-9963-94a2507dfa4b
Administrative Management,Administrative Management involves the day-to-day management and maintenance of the internal infrastructure.,Function Depiction,"""Help Desk Services""
""Security Management""
""Workplace Policy Development and Management""","""Management of Resources""",,,,,,"""Employee Record Management""
""Web Access""
",,,,,,,,,,,,,,,,,2/5/2010,4/12/2014,11:23:25 AM,10:42:15 PM,SAXTUSR,LouV,25d06b98-f3c2-4ee3-b246-5bdf98354d92
Advising and Consulting,Advising and Consulting involves the guidance and consultative services  to support the implementation of a specific Service.,Function Depiction,,"""Knowledge Creation and Management""",,,,,,"""Demographic Analysis""
""Competitor Idenitification""
""Competitor Analysis""
",,,,,,,,,,,,Medium,,,,,2/5/2010,4/12/2014,11:23:26 AM,9:51:43 PM,SAXTUSR,LouV,00a27fa0-0126-4f42-8cd6-254bb4a5832b
Asset and Liability Management,Assets and Liability Management provides accounting support for the management of assets and liabilities,Function Depiction,,"""Financial Management""",,,,,,,,,,,,,,,,,,,,,,,2/5/2010,4/12/2014,11:23:25 AM,10:40:41 PM,SAXTUSR,LouV,5345d944-1970-426a-aab8-3f2b290c1c72
Benefits Management,"Benefits Management designs, develops, and implements benefit programs that attract, retain and support current and former agency employees.",Function Depiction,,"""Human Resource Management""",,,,,,,,,,,,,,,,,,,,,,,2/5/2010,4/12/2014,11:23:25 AM,10:42:39 PM,SAXTUSR,LouV,52e97a2f-ce37-4e4f-8170-8602b8d867ca
Budget and Performance Integration,"Budget and Performance Integration involves activities that align resources allocated through budget formulation, execution, and management actions with examinations of program objectives, performance, and demonstrated results such as Program Performance Assessments, Performance Results Act (GPRA) plans and reports, performance-based agency budget submissions, and Financial Management Cost Accounting and Performance Measurement data.",Function Depiction,,"""Planning and Budgeting""",,,,,,,,,,,,,,,,,,,,,,,2/5/2010,4/12/2014,11:23:26 AM,10:50:31 PM,SAXTUSR,LouV,e144e2fd-775a-46e7-86d8-1abe8550bd6a
Budget Execution,Budget Execution involves the legal (apportionment) and managerial (allotment and sub-allotment) distribution of budget authority to achieve results consistent with the formulated budget.,Function Depiction,,"""Planning and Budgeting""",,,,,,,,,,,,,,,,,,,,,,,2/5/2010,4/19/2014,11:23:26 AM,1:25:07 AM,SAXTUSR,LouV,d43892a5-92f4-463f-a869-45bff09a69ba
Budget Formulation,Budget Formulation involves all activities undertaken to determine priorities for future spending and to develop an itemized forecast of future funding and expenditures during a targeted period of time. This includes the collection and use of performance information to assess the effectiveness of programs and develop budget priorities.,Function Depiction,,"""Planning and Budgeting""",,,,,,,,,,,,,,,,,,,,,,,2/5/2010,4/12/2014,11:23:26 AM,10:50:52 PM,SAXTUSR,LouV,2cd1714c-349e-4755-8f9c-7ffcb5484271
Capital Planning,Capital Planning involves the processes for ensuring that appropriate investments are selected for capital expenditures.,Function Depiction,,"""Planning and Budgeting""",,,,,,,,,,,,,,,,,,Medium,,,,,2/5/2010,4/12/2014,11:23:26 AM,10:52:05 PM,SAXTUSR,LouV,7538face-965d-4938-ba9e-40adb17073d8
Checking Accounts,,Function Depiction,"""Open Checking Accounts""
""Close Checking Accounts""
""Maintain Checking Accounts""",Sales,,,,,,,,,,,,,,,,,,,,,,,4/19/2014,4/19/2014,10:29:25 PM,10:32:03 PM,LouV,LouV,d05533f4-f560-4973-977a-a2f60ba1f33f
Close Checking Accounts,,Function Depiction,,"""Checking Accounts""",,,,,,,,,,,,,,,,,,,,,,,4/19/2014,4/19/2014,10:31:12 PM,10:31:13 PM,LouV,LouV,fdac9076-f8ef-4ffd-b924-bf7a679377f6
Close Savings Accounts,,Function Depiction,,"""Savings Accounts""",,,,,,,,,,,,,,,,,,,,,,,4/19/2014,4/19/2014,10:32:25 PM,10:32:30 PM,LouV,LouV,9cc2a1ad-e0bb-4d5f-87d1-711dfcb87600
Collections and Receivables,"Collections and Receivables includes- deposits, fund transfers, and receipts for sales or service.",Function Depiction,,"""Financial Management""",,,,,"""General Ledger Account Reconciliation""
",,,,,,,,,,,,,,,,,,2/5/2010,4/22/2014,11:23:25 AM,4:24:02 PM,SAXTUSR,LouV,d1a5dbf9-38f5-40fa-8125-d9dd827cc62b
Compensation Management,"Compensation Management designs, develops, and implements compensation programs that attract, retain and fairly compensate agency employees.",Function Depiction,,"""Human Resource Management""",,,,,,,,,,,,,,,,,,,,,,,2/5/2010,4/12/2014,11:23:25 AM,10:43:02 PM,SAXTUSR,LouV,b5e3bfdd-6213-4307-8212-263b32d6e99f
Contingency Planning,"Contingency Planning involves the actions required to plan for, respond to, and mitigate damaging events.",Function Depiction,,"""Internal Risk Management and Mitigation""",,,,,,,,,,,,,,,,,,,,,,,2/5/2010,4/12/2014,11:23:26 AM,10:49:36 PM,SAXTUSR,LouV,1c89af2d-22a6-4e84-95df-b3eff3b87323
Continuity of Operations,"Continuity of Operations involves the activities associated with the identification of critical systems and processes, and the planning and preparation required to ensure that these systems and processes will be available in the event of a catastrophic event.",Function Depiction,,"""Internal Risk Management and Mitigation""",,,,,,,,,,,,,,,,,,,,,,,2/5/2010,4/12/2014,11:23:26 AM,10:49:51 PM,SAXTUSR,LouV,40c54bc2-3215-47ae-96a6-78f09d54b7d4
Controls and Oversight,"Controls and Oversight ensures that the operations and programs  and its external business partners comply with applicable laws and regulations and prevent waste, fraud, and abuse.",Function Depiction,"""Corrective Action""
""Program Evaluation""
""Program Monitoring""","""Support Delivery of Services""",,,,,,,,,,,,,,,,,,,,,,,2/5/2010,4/12/2014,11:23:25 AM,10:49:02 PM,SAXTUSR,LouV,8d3e5780-7298-4e94-98b7-f3e656960b71
Corrective Action,"Corrective Action involves the enforcement of activities to remedy internal or external programs that have been found noncompliant with a given law, regulation, or policy.",Function Depiction,,"""Controls and Oversight""",,,,,,,,,,,,,,,,,,,,,,,2/5/2010,4/12/2014,11:23:26 AM,10:48:44 PM,SAXTUSR,LouV,e65d433a-9d90-422b-84fd-17dda3011252
Cost Accounting / Performance Measurement,"Cost Accounting / Performance Measurement is the process of accumulating, measuring, analyzing, interpreting, and reporting cost information useful to both internal and external groups concerned with the way in which an organization uses, accounts for, safeguards, and controls its resources to meet its objectives.  Cost accounting information is necessary in establishing strategic goals, measuring service efforts and accomplishments, and relating efforts to accomplishments.  Also, cost accounting, financial accounting, and budgetary accounting all draw information from common data sources.",Function Depiction,,"""Planning and Budgeting""",,,,,,,,,,,,,,,,,,,,,,,2/5/2010,4/22/2014,11:23:25 AM,1:04:19 PM,SAXTUSR,LouV,e6baa67e-f350-4bee-8020-657ba4c4bad6
Credit and Insurance,Credit and Insurance involves the use of funds to cover the subsidy cost of a direct loan or loan guarantee or to protect/indemnify members  from financial losses.,Function Depiction,"""Direct Loans""
""General Insurance""
""Loan Guarantees""
""Mortgage Loans""","""Management of Delivery""",,,,,,,,,,,,,,,,,,High,,,,,2/5/2010,4/23/2014,11:23:25 AM,7:29:34 PM,SAXTUSR,LouV,71269f7b-fc27-4aef-a993-ebd13015566a
Customer Service,Customer Services supports activities associated with providing an agency?s customers with information regarding the agency?s service offerings and managing the interactions and relationships with those customers.,Function Depiction,"""Rewards Program""
Donations","""Servicing and Sales""",,,Marketing,,,"""Product Returns Management""
""Account Administration""
",,,,,,,,,,,,,,,,,1/7/2010,4/19/2014,11:11:55 AM,12:40:01 PM,SAXTUSR,LouV,7e0c02e3-f47e-4e90-baa5-e4318b504036
Debt Collection,Debt Collection supports activities associated with the collection of money owed  from both foreign and domestic sources.,Function Depiction,,"""Revenue Collection""",,,,,,,,,,,,,,,,,,,,,,,2/5/2010,4/12/2014,11:23:26 AM,10:55:41 PM,SAXTUSR,LouV,fb292ffb-1997-42e8-9805-aa2cb7ab1f34
Direct Loans,Direct Loans involve a disbursement of funds under a contract that requires the repayment of such funds with or without interest.,Function Depiction,"""Student Loans""
""Home Improvement Loans""
""Vacation Loans""","""Credit and Insurance""",,,,,,,,,,,,,,,,,,,,,,,2/5/2010,4/19/2014,11:23:26 AM,1:37:17 PM,SAXTUSR,LouV,7ae450a0-0f2d-4a9c-a242-352f2e287f37
Donations,,Function Depiction,,"""Customer Service""",,,,,,,,,,,,,,,,,,,,,,,4/19/2014,4/19/2014,12:39:54 PM,12:40:01 PM,LouV,LouV,60076b07-ce27-4820-8e53-ef5ee9833e01
Employee Performance Management,"Employee Performance Management designs, develops, and implements a comprehensive performance management approach to ensure agency employees are demonstrating competencies required of their work assignments.  Design, develop and implement a comprehensive performance management strategy that enables managers to make distinctions in performance and links individual performance to agency goal and mission accomplishment.  This also includes managing employee performance at the individual level and evaluating the overall effectiveness of the agency's employee development approach.",Function Depiction,,"""Human Resource Management""",,,,,,,,,,,,,,,,,,,,,,,2/5/2010,4/12/2014,11:23:25 AM,10:43:38 PM,SAXTUSR,LouV,273704e2-bb50-4cdf-9c78-81b6e981f33f
Employee Relations,"Employee Relations designs, develops, and implements programs that strive to maintain an effective employer-employee relationship that balance the agencys needs against its employees rights.",Function Depiction,,"""Human Resource Management""",,,,,,,,,,,,,,,,,,,,,,,2/5/2010,4/12/2014,11:23:25 AM,10:43:42 PM,SAXTUSR,LouV,0e449b34-8605-46ac-b3a8-597e1c15d79b
Enterprise Architecture,"Enterprise Architecture is an established process for describing the current state and defining the target state and transition strategy for an organization?s people, processes, and technology.",Function Depiction,,"""Planning and Budgeting""",,,,,"""Enterprise Architecture""",,,,,,,,,,,,,High,,,,,2/5/2010,4/22/2014,11:23:26 AM,6:41:14 PM,SAXTUSR,LouV,950eb864-89f2-4452-9404-4bc1876a7a2b
Financial Management,"The use of financial information to measure, operate and predict the effectiveness and efficiency of an entity's activities in relation to its objectives. The ability to obtain and use such information is usually characterized by having in place policies, practices, standards, and a system of controls that reliably capture and report activity in a consistent manner.",Function Depiction,"Accounting
""Asset and Liability Management""
""Collections and Receivables""
""Funds Control""
Payments
""Reporting and Information""","""Management of Resources""",,,,,,,,,,,,,,,,,,,,,,,2/5/2010,4/12/2014,11:23:25 AM,10:42:10 PM,SAXTUSR,LouV,a737e41c-be08-4c90-9df7-d0474d452f33
Funds Control,"Funds Control includes the management of the budget process including the development of plans and programs, budgets, and performance outputs as well as financing programs and operations through appropriation and apportionment of direct and reimbursable spending authority, fund transfers, investments and other financing mechanisms.",Function Depiction,,"""Financial Management""",,,,,"""General Ledger Account Reconciliation""
",,,,,,,,,,,,,,,,,,2/5/2010,4/22/2014,11:23:25 AM,4:24:13 PM,SAXTUSR,LouV,1ae5e64c-11bb-4bd3-8ea1-8f03be13e08e
General Insurance,General Insurance involves providing protection to individuals or entities against specified risks. The specified protection generally involves risks that private sector entities are unable or unwilling to assume or subsidize and where the provision of insurance is necessary to achieve social objectives.,Function Depiction,,"""Credit and Insurance""",,,,,,,,,,,,,,,,,,,,,,,2/5/2010,4/19/2014,11:23:26 AM,12:17:49 PM,SAXTUSR,LouV,8c1cbb57-d0ac-4d41-8f2e-be0e472ae090
General Purpose Data and Statistics,"General Purpose Data and Statistics includes activities performed in providing empirical, numerical, and related data and information pertaining to the current state of the nation in areas such as the economy, labor, weather, international trade, etc.",Function Depiction,,"""Knowledge Creation and Management""",,,,,,,,,,,,,,,,,,,,,,,2/5/2010,4/12/2014,11:23:26 AM,9:52:00 PM,SAXTUSR,LouV,06e768ed-0fa3-42d8-9c8b-9c62abeb0783
Help Desk Services,Help Desk Services involves the management of a service center to respond to  technical and administrative questions.,Function Depiction,,"""Administrative Management""",,,,,"""Customer Problem Lifecycle Management""
""Customer Problem Management""
",,,,,,,,,,,,,,,,,,2/5/2010,4/22/2014,11:23:25 AM,4:25:40 PM,SAXTUSR,LouV,e0decad4-d9f6-4b2a-8b9b-52d2e0e3aec6
Home Improvement Loans,,Function Depiction,,"""Direct Loans""",,,,,,,,,,,,,,,,,,,,,,,4/19/2014,4/19/2014,12:17:33 PM,12:17:49 PM,LouV,LouV,74731dcf-9c2b-4521-a501-2be673723b77
HR Strategy,"HR Strategy develops effective human capital management strategies to ensure organizations are able to recruit, select, develop, train, and manage a high-quality, productive workforce in accordance with merit system principles.  This sub-function includes: conducting both internal and external environmental scans; developing human resources and human capital strategies and plans; establishing human resources policy and practices; managing current and future workforce competencies; developing workforce plans; developing succession plans; managing the human resources budget; providing human resources and human capital consultative support; and measuring and improving human resources performance.",Function Depiction,,"""Human Resource Management""",,,,,,,,,,,,,,,,,,,,,,,2/5/2010,4/12/2014,11:23:25 AM,10:43:48 PM,SAXTUSR,LouV,0b603ab3-1ac3-4dd4-9ec3-167dc3a76655
Human Resource Management,Human Resource Management involves all activities associated with the recruitment and management of personnel.,Function Depiction,"""Benefits Management""
""Compensation Management""
""Employee Performance Management""
""Employee Relations""
""Labor Relations""
""HR Strategy""
""Organization and Position Management""
""Separation Management""
""Staff Acquisition""
""Human Resources Development""","""Management of Resources""",,,,,,,,,,,,,,,,,,,,,,,2/5/2010,4/19/2014,11:23:25 AM,1:24:07 AM,SAXTUSR,LouV,8d6b29c5-6e25-4dd7-a805-ca96a933bd44
Human Resources Development,"Human Resources Development designs, develops, and implements a comprehensive employee development approach to ensure that agency employees have the right competencies and skills for current and future work assignments. This sub-function includes conducting employee development needs assessments; designing employee development programs; administering and delivering employee development programs; and evaluating the overall effectiveness of the agency's employee development approach.",Function Depiction,,"""Human Resource Management""",,,,,,,,,,,,,,,,,,,,,,,2/5/2010,4/19/2014,11:23:25 AM,1:24:07 AM,SAXTUSR,LouV,6994161c-6b22-4239-8b86-e575cc7a5b49
Information and Technology Management,Information and Technology Management involves the coordination of information technology resources and systems required to support or provide a service.,Function Depiction,"""Information Management""
""Information Sharing""
""Information Security""
""IT Infrastructure Maintenance""
""Lifecycle/Change Management""
""System Development""
""System and Network Monitoring""
""Record Retention""
""System Maintenance""","""Management of Resources""",,,,,,,,,,,,,,,,,,,,,,,2/5/2010,4/12/2014,11:23:25 AM,10:46:27 PM,SAXTUSR,LouV,2082a297-e0da-49a2-88bf-3518592324e4
Information Management,"Information Management involves the coordination of information collection, storage, and dissemination, and destruction as well as managing the policies, guidelines, and standards regarding information management.",Function Depiction,,"""Information and Technology Management""",,,,,,,,,,,,,,,,,,,,,,,2/5/2010,4/12/2014,11:23:26 AM,10:45:29 PM,SAXTUSR,LouV,a094cb1e-0f25-4f83-b445-ea5a31f82b42
Information Security,"Information Security involves all functions pertaining to the protection of information and information systems from unauthorized access, use, disclosure, disruptions, modification, or destruction, as well as the creation and implementation of security policies, procedures and controls.",Function Depiction,,"""Information and Technology Management""",,,,,,,,,,,,,,,,,,,,,,,2/5/2010,4/12/2014,11:23:26 AM,10:45:36 PM,SAXTUSR,LouV,d891d0bf-3730-41cc-a399-fc1bf6ed44c2
Information Sharing,"Information Sharing relates to any method or function, for a given business area, facilitating: data being received in a usable medium by one or more departments or agencies as provided by a separate department or agency or other entity; and data being provided, disseminated or otherwise made available or accessible by one department or agency for use by one or more separate departments or agencies, or other entities, as appropriate.",Function Depiction,,"""Information and Technology Management""",,,,,,,,,,,,,,,,,,,,,,,2/5/2010,4/12/2014,11:23:26 AM,10:45:32 PM,SAXTUSR,LouV,6a4db4a7-0929-4728-aad4-5dd0100c88ce
Inspections and Auditing,Inspections and Auditing involves the methodical examination and review of regulated activities to ensure compliance with standards for regulated activity.,Function Depiction,,"""Regulatory Compliance and Enforcement""",,,,,,,,,,,,,,,,,,,,,,,2/5/2010,4/12/2014,11:23:26 AM,9:52:45 PM,SAXTUSR,LouV,65451674-0f4a-44ad-8f5f-701bc117d7c9
Internal Risk Management and Mitigation,Internal Risk Management and Mitigation involves all activities relating to the processes of analyzing exposure to risk and determining appropriate counter-measures.,Function Depiction,"""Contingency Planning""
""Continuity of Operations""
""Service Recovery""","""Support Delivery of Services""",,,,,,,,,,,,,,,,,,,,,,,2/5/2010,4/12/2014,11:23:25 AM,10:50:01 PM,SAXTUSR,LouV,4d3f1d37-e3c2-4bfe-b0cc-4495a2119e46
IT Infrastructure Maintenance,"IT Infrastructure Maintenance involves the planning, design, and maintenance of an IT Infrastructure to effectively support automated needs (i.e. platforms, networks, servers, printers, etc.).",Function Depiction,,"""Information and Technology Management""",,,,,,,,,,,,,,,,,,,,,,,2/5/2010,4/12/2014,11:23:26 AM,10:45:48 PM,SAXTUSR,LouV,a98d6e0a-7a94-4d95-82e9-07df6d15ab7e
JK Enterprises,JK Enterprises functioning entity,Function Depiction,"""Management of Delivery""
""Management of Resources""
""Support Delivery of Services""",,,,,,,,,,,,,,,,,,,,,,,,1/7/2010,4/19/2014,11:11:56 AM,1:19:05 AM,SAXTUSR,LouV,b74d6f08-349e-4547-ae62-b27e23d6d73b
Knowledge Creation and Management,"Knowledge Creation and Management involves the programs and activities in which the we create or develop a body or set of knowledge, the manipulation and analysis of which can provide inherent benefits for all.",Function Depiction,"""Advising and Consulting""
""General Purpose Data and Statistics""
""Knowledge Dissemination""","""Management of Delivery""",,,,,,,,,,,,,,,,,,,,,,,2/5/2010,4/12/2014,11:23:25 AM,9:52:19 PM,SAXTUSR,LouV,eb4df397-ed9d-47d0-8fb4-7012e1525fc6
Knowledge Dissemination,"Knowledge Dissemination addresses those instances where the primary method used in delivering a service is through the publishing or broadcasting of information, such as the Voice of America or web-based museums maintained by the Smithsonian. It is not intended to address circumstances where the publication of information is a byproduct of the actual Mode of Delivery. For example, an agency might perform research (the Mode of Delivery) addressing a particular service for citizen (for example environmental management) and as a result publish a report on the findings. In this instance, the research would be the mode of delivery and publishing the report would be a Support Delivery of Service.",Function Depiction,,"""Knowledge Creation and Management""",,,,,"""Content Management""",,,,,,,,,,,,,,,,,,2/5/2010,4/22/2014,11:23:26 AM,4:37:13 PM,SAXTUSR,LouV,bb20be2a-3d46-4c40-ad04-504c6db681ec
Labor Relations,Labor Relations manages the relationship between the agency and its unions and bargaining units. This includes negotiating and administering labor contracts and collective bargaining agreements; managing negotiated grievances; and participating in negotiated third party proceedings.,Function Depiction,,"""Human Resource Management""",,,,,,,,,,,,,,,,,,,,,,,2/5/2010,4/12/2014,11:23:26 AM,10:43:45 PM,SAXTUSR,LouV,32f2b377-a8a0-47a7-90c3-5fe3f243f2c1
Lifecycle/Change Management,"Lifecycle/Change Management involves the processes that facilitate a smooth evolution, composition, and workforce transition of the design and implementation of changes to agency resources such as assets, methodologies, systems, or procedures.",Function Depiction,,"""Information and Technology Management""",,,,,,,,,,,,,,,,,,,,,,,2/5/2010,4/12/2014,11:23:26 AM,10:45:57 PM,SAXTUSR,LouV,f6f0023e-7cec-4f4f-9cdc-049485ea83e5
Loan Guarantees,"Loan Guarantees involve any guarantee, insurance, or other pledge with respect to the payment of all or a part of the principal or interest on any debt obligation of aborrower to a lender, but does not include the insurance of deposits, shares, or other withdraw able accounts in financial institutions.",Function Depiction,,"""Credit and Insurance""",,,,,,,,,,,,,,,,,,,,,,,2/5/2010,4/12/2014,11:23:26 AM,8:49:41 PM,SAXTUSR,LouV,3763d3dc-ba69-4b74-b1ec-b3d63bb171e1
Maintain Checking Accounts,,Function Depiction,,"""Checking Accounts""",,,,,,,,,,,,,,,,,,,,,,,4/19/2014,4/19/2014,10:32:02 PM,10:32:03 PM,LouV,LouV,96df4d74-fec4-4ddd-84ea-d87fb990a782
Maintain Savings Accounts,,Function Depiction,,"""Savings Accounts""",,,,,,,,,,,,,,,,,,,,,,,4/19/2014,4/19/2014,10:32:45 PM,10:32:45 PM,LouV,LouV,a762c203-f645-4627-bd3f-3eb262ba6bc8
Management Improvement,Management Improvement includes all efforts to gauge the ongoing efficiency of business processes and identify opportunities for reengineering or restructuring.,Function Depiction,,"""Planning and Budgeting""",,,,,,,,,,,,,,,,,,,,,,,2/5/2010,4/12/2014,11:23:26 AM,10:53:11 PM,SAXTUSR,LouV,6cda34b0-51c6-4682-8c8d-70188d4b6056
Management of Delivery,,Function Depiction,"""New Business Development""
""Servicing and Sales""
""Credit and Insurance""
""Knowledge Creation and Management""
""Regulatory Compliance and Enforcement""","""JK Enterprises""",,,,,,,,,,,,,,,,,,,,,,,2/5/2010,4/12/2014,11:23:25 AM,9:52:33 PM,SAXTUSR,LouV,c2dfa38f-04ad-42b4-8759-3a780fb89901
Management of Resources,Management of Resources refers to the back-office support activities that enable us to operate efficiently.,Function Depiction,"""Administrative Management""
""Financial Management""
""Human Resource Management""
""Information and Technology Management""","""JK Enterprises""",,,,,,,,,,,,,,,,,,Low,,,,,2/5/2010,4/12/2014,11:23:25 AM,10:45:09 PM,SAXTUSR,LouV,6399fa48-4138-4737-a729-83a85526d04f
Marketing Campaigns,,Function Depiction,,"""New Business Development""",,,Marketing,,"""Campaign Management""
""Lead Generation""
","""Campaign Management""
""Campaign Success Evaluation""
""Campaign launch control""
""Market Share Analysis""
""Promotion launch control""
""Target Market Analysis""
",,,,,,,,,,,,,,,,,1/7/2010,4/22/2014,11:11:55 AM,4:15:58 PM,SAXTUSR,LouV,f732065b-f4f2-4e59-aaee-738d2cda94fb
Mortgage Loans,,Function Depiction,,"""Credit and Insurance""",,,,,,,,,,,,,,,,,,,,,,,4/19/2014,4/19/2014,12:14:44 PM,12:14:59 PM,LouV,LouV,a94e71c1-1604-4de5-90ee-1dbd2791b923
New Business Development,,Function Depiction,"""Sector Planning""
""Sector Management""
""Product Management""
""Product Directory""
""Marketing Campaigns""","""Management of Delivery""",,,Marketing,,,"""New Product Evaluation and Comparison""
""New Product Requests""
""Promotion and Advertising Management""
",,,,,,,,,,,,,,,,,1/7/2010,4/12/2014,11:11:55 AM,8:46:30 PM,SAXTUSR,LouV,ed240154-8daa-4dbb-b05e-6909c525bc1e
Open Checking Accounts,,Function Depiction,,"""Checking Accounts""",,,,,"""Customer Sales Portals""
",,,,,,,,,,,,,,,,,,4/19/2014,4/22/2014,10:30:40 PM,4:21:12 PM,LouV,LouV,0bfa1223-44c0-4c2c-a1d7-f4f27c13c18f
Open Savings Accounts,,Function Depiction,,"""Savings Accounts""",,,,,"""Customer Sales Portals""
",,,,,,,,,,,,,,,,,,4/19/2014,4/22/2014,10:31:46 PM,4:21:13 PM,LouV,LouV,4509a2ec-d61c-4421-aa4e-00107f6b2e63
Organization and Position Management,"Organization and Position Management designs, develops, and implements organizational and position structures that create a high-performance, competency-driven framework that both advances the agency mission and serves agency human capital needs..",Function Depiction,,"""Human Resource Management""",,,,,,,,,,,,,,,,,,Low,,,,,2/5/2010,4/12/2014,11:23:26 AM,10:44:21 PM,SAXTUSR,LouV,63915e42-cff2-43e8-bf8b-ea33219aff15
Payments,"Payments include disbursements of funds, via a variety of mechanisms, to individuals, agencies, state, local and international governments, and the private sector, to effect payment for goods and services, or distribute entitlements, benefits, grants, subsidies, loans, or claims.",Function Depiction,,"""Financial Management""",,,,,,,,,,,,,,,,,,,,,,,2/5/2010,4/12/2014,11:23:25 AM,10:41:23 PM,SAXTUSR,LouV,a7e8c9a5-7d4d-49bf-ada5-7ff335b24afe
Planning and Budgeting,"Planning and Budgeting involves the activities of determining strategic direction, identifying and establishing programs and processes, and allocating resources (capital and labor) among those programs and processes.",Function Depiction,"""Budget and Performance Integration""
""Budget Formulation""
""Capital Planning""
""Enterprise Architecture""
""Management Improvement""
""Strategic Planning""
""Workforce Planning""
""Budget Execution""
""Cost Accounting / Performance Measurement""","""Support Delivery of Services""",,,,,,,,,,,,,,,,,,,,,,,2/5/2010,4/22/2014,11:23:25 AM,1:04:19 PM,SAXTUSR,LouV,d7d4c6f4-de8d-44c6-952c-aeadd8e6766b
Product Directory,,Function Depiction,,"""New Business Development""",,,"""Financial Services & Products""",,,"""Product Listing Management""
",,,,,,,,,,,,,,,,,1/7/2010,6/29/2013,11:11:56 AM,3:24:11 PM,SAXTUSR,LouV,b80b0b84-c0e8-42d9-8078-4ba1df24d5de
Product Management,,Function Depiction,,"""New Business Development""",,,"""Financial Services & Products""",,"""Product Strategy/Proposition Management""
""Product Lifecycle Management""
","""Product Feature Management""
""Product Portfolio Strategy Management""
",,,,,,,,,,,,,,,,,1/7/2010,4/22/2014,11:11:56 AM,4:18:46 PM,SAXTUSR,LouV,57a06659-0f47-4c62-9e8c-f936bc108927
Product Outreach,"Product Outreach relates to the marketing of services products, and programs to the general public in an attempt to promote awareness and increase the number of customers/beneficiaries of those services and programs.",Function Depiction,,"""Public Affairs""",,,,,,,,,,,,,,,,,,,,,,,2/5/2010,4/12/2014,11:23:26 AM,10:55:08 PM,SAXTUSR,LouV,981f40b9-4bf6-43ae-b66d-ee7db57afc1b
Program Evaluation,Program Evaluation involves the analysis of internal and external program effectiveness and the determination of corrective actions as appropriate.,Function Depiction,,"""Controls and Oversight""",,,,,,,,,,,,,,,,,,,,,,,2/5/2010,4/12/2014,11:23:26 AM,10:48:58 PM,SAXTUSR,LouV,b4214488-4e3c-41e8-88bc-a8b3e36f7311
Program Monitoring,"Program Monitoring involves the data-gathering activities required to determine the effectiveness of internal and external programs and the extent to which they comply with related laws, regulations, and policies.",Function Depiction,,"""Controls and Oversight""",,,,,,,,,,,,,,,,,,Low,,,,,2/5/2010,4/12/2014,11:23:26 AM,10:49:02 PM,SAXTUSR,LouV,ceb6533f-ecd5-4d7e-8654-7ee89048c496
Public Affairs,Public Affairs involves the exchange of information and communication between stakeholders ,Function Depiction,"""Product Outreach""
""Public Relations""","""Support Delivery of Services""",,,,,,,,,,,,,,,,,,,,,,,2/5/2010,4/19/2014,11:23:25 AM,1:25:29 AM,SAXTUSR,LouV,887639f0-8cc3-48eb-a99d-add4fb53419f
Public Relations,Public Relations involves the efforts to promote an organization?s image through the effective handling of citizen concerns.,Function Depiction,,"""Public Affairs""",,,,,,,,,,,,,,,,,,,,,,,2/5/2010,4/19/2014,11:23:26 AM,1:25:29 AM,SAXTUSR,LouV,14e0b93a-45c0-45c5-a066-bc4d54e4bfad
Record Retention,Record Retention involves the operations surrounding the management of the official documents and records for an agency.,Function Depiction,,"""Information and Technology Management""",,,,,,,,,,,,,,,,,,,,,,,2/5/2010,4/12/2014,11:23:26 AM,10:46:23 PM,SAXTUSR,LouV,24fb0174-e824-45d3-8094-3d5ec0ea7c9e
Regulatory Compliance and Enforcement,"Regulatory Compliance and Enforcement involves the direct monitoring and oversight of a specific individual, group, industry, or community participating in a regulated activity via market mechanisms, command and control features, or other means to control or govern conduct or behavior.",Function Depiction,"""Inspections and Auditing""
""Standard Setting/Reporting Guideline Development""","""Management of Delivery""",,,,,,,,,,,,,,,,,,,,,,,2/5/2010,4/12/2014,11:23:25 AM,9:53:05 PM,SAXTUSR,LouV,4a0a6e8b-da28-4195-96e5-cf05417bd991
Reporting,,Function Depiction,,,,,,,"""Client Service Workstation""
MLPRO",,,,,,,,,,,,,,,,,,4/20/2014,4/20/2014,1:03:55 PM,1:03:55 PM,LouV,LouV,d17b1ff3-5b78-4c5f-ae4d-4c017aeecc54
Reporting and Information,"Reporting and Information includes providing financial information, reporting and analysis of financial transactions.",Function Depiction,,"""Financial Management""",,,,,"""General Ledger Account Reconciliation""
",,,,,,,,,,,,,,,,,,2/5/2010,4/22/2014,11:23:25 AM,4:23:40 PM,SAXTUSR,LouV,6a3cae37-993f-4df9-ba9f-f248647314f7
Revenue Collection,Revenue Collection includes the collection of income from all sources. ,Function Depiction,"""Debt Collection""","""Support Delivery of Services""",,,,,,,,,,,,,,,,,,,,,,,2/5/2010,4/12/2014,11:23:25 AM,10:55:41 PM,SAXTUSR,LouV,816b4606-1ec4-436b-af81-7e70c3c060d6
Rewards Program,,Function Depiction,,"""Customer Service""",,,,,,"""Rewards Program""",,,,,,,,,,,,,,,,,4/19/2014,4/20/2014,12:25:15 PM,12:17:03 PM,LouV,LouV,7e0ea5a0-ce32-44dd-b4f6-44d257537859
Sales,,Function Depiction,"""Checking Accounts""
""Savings Accounts""","""Servicing and Sales""",,,"""Retails Sales""",,"WalDOC
",,,,,,,,,,,,,,,,,,1/7/2010,4/19/2014,11:11:56 AM,10:29:55 PM,SAXTUSR,LouV,5e88da63-5a3f-4f0a-b4ca-33f5072dfc5d
Sales Management,,Function Depiction,,"""Servicing and Sales""",,,"""Retails Sales""",,"""Direct Sales Force""
",,,,,,,,,,,,,,,,,,1/7/2010,4/22/2014,11:11:56 AM,4:16:57 PM,SAXTUSR,LouV,dfc84d4b-57a6-4a52-b22d-8b5b4c7de20b
Sales Planning,,Function Depiction,,"""Servicing and Sales""",,,Marketing,,,,,,,,,,,,,,,,,,,,1/7/2010,6/29/2013,11:11:56 AM,3:28:44 PM,SAXTUSR,LouV,7db2a9d0-f886-4f8a-bf6d-50a9600f4478
Savings Accounts,,Function Depiction,"""Open Savings Accounts""
""Close Savings Accounts""
""Maintain Savings Accounts""",Sales,,,,,,,,,,,,,,,,,,,,,,,4/19/2014,4/19/2014,10:29:54 PM,10:32:46 PM,LouV,LouV,7e87b35c-dcf2-4004-8e10-a1b0668e47a8
Sector Management,,Function Depiction,,"""New Business Development""",,,Marketing,,,,,,,,,,,,,,,Low,,,,,1/7/2010,4/23/2014,11:11:56 AM,7:29:44 PM,SAXTUSR,LouV,4cf8152d-4e8c-4a5f-a295-c7d171dcd4cc
Sector Planning,,Function Depiction,,"""New Business Development""",,,Marketing,,"Albany
",,,,,,,,,,,,,,,,,,1/7/2010,6/29/2013,11:11:16 AM,3:23:20 PM,SAXTUSR,LouV,fd588ca8-2130-489e-8fbe-b3b6339b489c
Security Management,"Security Management involves the physical protection of an organizations personnel, assets, and facilities.",Function Depiction,,"""Administrative Management""",,,,,,,,,,,,,,,,,,Medium,,,,,2/5/2010,4/12/2014,11:23:25 AM,10:39:29 PM,SAXTUSR,LouV,6d65b620-79eb-48a4-adbe-79620860e7da
Separation Management,"Separation Management conducts efficient and effective employee separation programs that assist employees in transitioning to other gainful employment; facilitates the removal of unproductive, non-performing employees; and assists employees in transitioning to retirement.",Function Depiction,,"""Human Resource Management""",,,,,,,,,,,,,,,,,,Medium,,,,,2/5/2010,4/12/2014,11:23:26 AM,10:44:35 PM,SAXTUSR,LouV,efb346c1-e776-40ea-a8c1-86226bd3bc87
Service Recovery,Service Recovery involves the internal actions necessary to develop a plan for resuming operations after a catastrophic event occurs.,Function Depiction,,"""Internal Risk Management and Mitigation""",,,,,,,,,,,,,,,,,,Medium,,,,,2/5/2010,4/12/2014,11:23:26 AM,10:50:01 PM,SAXTUSR,LouV,ff933571-ef5b-41f7-8ef7-841a9fb2f1cd
Servicing and Sales,Sales and servicing of products supplied,Function Depiction,"""Sales Planning""
""Customer Service""
Sales
""Sales Management""","""Management of Delivery""",,,Marketing,,,"""Review Application""
",,,,,,,,,,,,Medium,,,,,1/7/2010,4/12/2014,11:11:56 AM,9:50:52 PM,SAXTUSR,LouV,b6ce1b95-b810-4a22-9677-9bdf0e8d1eac
Staff Acquisition,"Staff Acquisition establishes procedures for recruiting and selecting high-quality, productive employees with the right skills and competencies, in accordance with merit system principles.  This sub-function includes: developing a staffing strategy and plan; establishing an applicant evaluation approach; announcing the vacancy, sourcing and evaluating candidates against the competency requirements for the position; initiating pre-employment activities; and hiring employees.",Function Depiction,,"""Human Resource Management""",,,,,,,,,,,,,,,,,,Medium,,,,,2/5/2010,4/12/2014,11:23:26 AM,10:44:50 PM,SAXTUSR,LouV,ee1ac844-2314-4076-9666-9222a4d4ab0a
Standard Setting/Reporting Guideline Development,"Standard Setting/Reporting Guideline Development involves the establishment of allowable limits associated with a regulated activity and the development of reporting requirements necessary to monitor and control compliance with allowable limits. This includes the development of requirements for product sampling and testing, emissions monitoring and control, incident reporting, financial filings, etc.",Function Depiction,,"""Regulatory Compliance and Enforcement""",,,,,,,,,,,,,,,,,,Medium,,,,,2/5/2010,4/12/2014,11:23:26 AM,9:53:05 PM,SAXTUSR,LouV,b7c45575-39ea-4cb2-8d21-e44819f4bbfa
Strategic Planning,Strategic Planning entails the determination of annual and long-term goals and the identification of the best approach for achieving those goals.,Function Depiction,,"""Planning and Budgeting""",,,,,,,,,,,,,,,,,,Medium,,,,,2/5/2010,4/12/2014,11:23:26 AM,10:53:30 PM,SAXTUSR,LouV,d0387ce3-e810-47bd-9a8c-c975398c3a50
Student Loans,,Function Depiction,,"""Direct Loans""",,,,,,,,,,,,,,,,,,Medium,,,,,4/19/2014,4/19/2014,12:14:25 PM,12:15:08 PM,LouV,LouV,30f4d94d-9a56-48d5-bcb4-99d0821e35b3
Support Delivery of Services,"Support Delivery of Services provides the critical policy, programmatic and managerial foundation to support operations.",Function Depiction,"""Controls and Oversight""
""Internal Risk Management and Mitigation""
""Planning and Budgeting""
""Public Affairs""
""Revenue Collection""","""JK Enterprises""",,,,,,,,,,,,,,,,,,Medium,,,,,2/5/2010,4/12/2014,11:23:25 AM,10:48:21 PM,SAXTUSR,LouV,1bb8b1e7-3082-41aa-a514-72880da8d853
System and Network Monitoring,System and Network Monitoring supports all activities related to the real-time monitoring of systems and networks for optimal performance.,Function Depiction,,"""Information and Technology Management""",,,,,,,,,,,,,,,,,,Low,,,,,2/5/2010,4/12/2014,11:23:26 AM,10:46:20 PM,SAXTUSR,LouV,2ec5d6da-c177-4201-8028-5c05544118d3
System Development,System Development supports all activities associated with the in-house design and development of software applications.,Function Depiction,,"""Information and Technology Management""",,,,,,,,,,,,,,,,,,Medium,,,,,2/5/2010,4/12/2014,11:23:26 AM,10:46:17 PM,SAXTUSR,LouV,951680f0-d573-4cd5-8f2c-3d2cfbbbb984
System Maintenance,System Maintenance supports all activities associated with the maintenance of in-house designed software applications.,Function Depiction,,"""Information and Technology Management""",,,,,,,,,,,,,,,,,,Medium,,,,,2/5/2010,4/12/2014,11:23:26 AM,10:46:27 PM,SAXTUSR,LouV,97baf902-5c29-42e4-a3ef-cdf4396d4bf8
Vacation Loans,,Function Depiction,,"""Direct Loans""",,,,,,,,,,,,,,,,,,High,,,,,4/19/2014,4/19/2014,12:15:30 PM,1:37:17 PM,LouV,LouV,d6e99ec8-dca5-44cb-8d1a-fa37317a5154
Workforce Planning,Workforce Planning involves the processes for identifying the workforce competencies required to meet the agency's strategic goals and for developing the strategies to meet these requirements.,Function Depiction,,"""Planning and Budgeting""",,,,,,,,,,,,,,,,,,Medium,,,,,2/5/2010,4/12/2014,11:23:26 AM,10:53:34 PM,SAXTUSR,LouV,ba8641de-ad14-4f67-b540-0c104b54f56a
Workplace Policy Development and Management,"Workplace Policy Development and Management includes all activities required to develop and disseminate workplace policies such as dress codes, time reporting requirements, telecommuting, etc.",Function Depiction,,"""Administrative Management""",,,,,,,,,,,,,,,,,,Medium,,,,,2/5/2010,4/12/2014,11:23:25 AM,10:39:41 PM,SAXTUSR,LouV,37754e54-e610-40e7-a31d-69d746778409
