Name,Description,ID,Category,Source,Owner,"Actors operating in Location","Hosts Data Components","Hosts Physical Application Components","Hosts Physical Technology Components","Related EBP","Guided by Principles","Constrained by Constraints","Based on Assumptions","Applicable Standards","Gaps to satisy","Work Packages Planned","Comprises Of","Flood Risk",OSLCLink,"Reference Documents","Initial Date","Last Change Date","Initial Time","Last Change Time","Initial Audit","Last Change Audit",GUID
Dallas,,,,,,,,"Cyclops
SoftImage
SunGard
TwoCans
""US Pipeline""
""Volatility Management""
Walrus
""Watson Engagement Advisor""
""Websphere Customer Center""
""Workflow Blotter""
""X-Direct Order Manager""",,,,,,,,,,"Zone 5",,,4/27/2014,4/27/2014,"7:35:42 PM","7:35:42 PM",LouV,LouV,37f08f4d-bdac-4423-8f03-63f4e2924785
"Hong Kong",,,,,,,,"AccMan
CMSGold
""Filenet Content Manager""
""Fixed Income Prime Broker Trade Capture""
""Historical Volatility Server""
QuikBook",,,,,,,,,,"Zone 5",,,4/27/2014,4/27/2014,"7:35:27 PM","7:35:27 PM",LouV,LouV,223df611-8c86-4184-9100-d883a2803b40
London,,,,,,,,"""Clearing List""
""Clearing Transaction Manager (CTM)""
""Client Automated Take-On (CATO)""
""Client Charging Module (CCM)""
""Client Money""
""Client Reporting Center (CRC)""
CMSGold
GOLedger
SunGard",,,,,,,,,,"Zone 5",,,4/27/2014,4/27/2014,"7:35:37 PM","7:35:37 PM",LouV,LouV,317960b1-c398-4fac-bbb7-af5614e1610a
Milwaukee,,,,,,,,"""GSL Archiving""
""GSL Autoborrow""
""GSL Autoreturns""
""GSL Availability""
""GSL Connectivity (MLX/ML Prime)""
""GSL Global One (KTEK) 1""
""GSL Global One (KTEK) Business Objects""
""GSL Ratings Analytics""
""GSL Reporting""
""GSL Subsystem""
""GSL Trade Entry""
""GSL Workbench""
""IBM Rational Focal Point""
""System Architect""
TwoCans",,,,,,,,,,"Zone 5",,,4/27/2014,4/27/2014,"7:36:15 PM","7:36:15 PM",LouV,LouV,2813ca68-8052-4bcb-9aaa-2187af6e4d1e
"New York",,,,,,,,"""Appia FIX Interface & Router""
Atlas
AutoMarking
""Clearing Transaction Manager (CTM)""
""Client Charging Module (CCM)""
""Client Money""
""Client Reporting Center (CRC)""
CMSGold
Cyclops
""Equity Derivative Operation Integrated Application""
""Equity Parameter Exchange""
""Equity Trader Workstation""
""Exotic Eye""
ExoticRisk
SunGard",,,,,,,,,,"Zone 5",,,4/27/2014,4/27/2014,"7:35:30 PM","7:35:30 PM",LouV,LouV,1b2133a3-ec6d-4335-9123-9d670536b656
"San Francisco",,,,,,,,"MLPrime
""MLPRO Systems""
""OpenPro ERP Accounts Receivables""
""Order Router""
""Pace DW/Pace Reporting""
""Pairs Trading.""
""Parameter Matrix""
""Parameters Desktop""
""Performance Database""",,,,,,,,,,"Zone 5",,,4/27/2014,4/27/2014,"7:37:12 PM","7:37:12 PM",LouV,LouV,94f6605e-ad6f-487b-9709-1abd548a41dd
