Name,is realized by,Supports Function
A/R Management,,
Account Management,SmarterCommerce,Accounting
Accounts Receivables,"IPBS
""FISA Enterprise""
""FICO Dept Manager""",Accounting
Adjustments,,
Administrative Services,,
Advertising,,
Affiliates,,
Albany,,"""Sector Planning"""
Analyze and Manage Customer Risk,,
Anomaly Management,,
Application Security,,
Asset Management,,
Auditing,,
Awards & Recognition,,
Benefits Management,,
"Biling Inquiry, Dispute & Adjustment Management"
Bill Calculation
Bill Format / Render
Bill Inquiry
Billing Account Associations Management
Billing Account Configuration Management
Billing Account Management
Billing Data Mediation
Build Customer Insight
Business Intelligence (BI)
CRMCentral
CSR assurance
CSR billing
CSR fulfillment
Campaign Analytics
Campaign Design
Campaign Execution & Refinement,,
Campaign Management,"MobilePush
CustomerInsight
""TeaLeaf cxConnect WebAnalytics""
""TeaLeaf csImpact""","""Marketing Campaigns""
"
Campaign Performance Tracking,,
Capability Specification Management,,
Capital Lease Management,,
Case Archival,,
Case Correlation & Analysis,,
Case Definition and Configuration,,
Case Management,,
Case Reporting,,
Case Tracking & Management,,
Case Workflow,,
Cash Reconciliation & Escheatment,,
Channel Sales Management,,
Client Service Workstation,,Reporting
Collection Policy Definition and Configuration,,
Collection Policy Execution and Monitoring,,
Collection Settlement,,
Collections Management,,
Commitment Tracking,,
Community Involvement,,
Compensation,,
Compensation & Results,,
Content Management,"""Filenet Content Manager""
RAM
""Optima3 IMS""","""Knowledge Dissemination"""
Contract Management,,
Corporate Communications,,
Corporate Real Estate,,
Corporate Sales Management,,
Corporate Sales Workflow Management,,
Corporate Security,,
Corporate Tax,,
Corporate Training,,
Corporate Treasury,,
Customer Bill Charge Calculation,,
"Customer Contact Management, Retention & Loyalty",,
Customer Information Management,,
Customer Order Distribution,,
Customer Order Establishment,,
Customer Order Lifecycle Management,,
Customer Order Management,,
Customer Order Orchestration,,
Customer Order Publication,,
Customer Order Tracking & Management,,
Customer Problem Diagnostics,,
Customer Problem Lifecycle Management,"""Websphere Customer Center""","""Help Desk Services""
"
Customer Problem Management,"""Websphere Customer Center""
""Blue Messenger""
BroadcastByPhone
""Monet Live""
Pamela
""Callview 360""","""Help Desk Services""
"
Customer Problem Qualification & Reception,,
Customer Problem Reporting,,
Customer Problem Resolution,,
Customer Problem Verification & Closure,,
Customer Quality of Service & Service Level Agreement Management,,
Customer Self Empowered Assurance,,
Customer Self Empowered Billing,,
Customer Self Empowered Fulfiiment,,
Customer Self Management,,
Customer Service Representative Toolbox,,
Customer/Prospect Data Acquisition,,
Damage Claims Management,,
Data Management,,
Dealers,,
Direct Sales Force,"salesforce
""COA for Banking""
""CIM Gold""
Branch","""Sales Management""
"
Discounts Calculation,,
Dispute Management,,
Document Archiving,,
Document Delivery,,
Employee Expense Reimbursement,,
Employee Records Management,,
Enterprise Architecture,"""IBM Rational Focal Point""
""System Architect""","""Enterprise Architecture"""
Enterprise Web Sites & Portals,,
Ethics & Compliance,,
Fault Correction & Restoration,,
Fault Correlation & Root Cause Analysis,,
Fault Management,,
Fault Reporting & Analytics,,
Fault Surveillance,,
Financial Business Unit Reporting,"""MLPRO Systems""
Soft4CreditUnion
""A/L Reporter""
TrakPointe",Reporting
Financial Core Operations,,
Financial Core Operations Reporting,,
Financial Management,,
Financial Reporting,,
Fleet Management,,
Fraud Management,,
Funnel & Lead Management,,
General Ledger Account Reconciliation,"GOLedger
""Canopus EpaySuite""
SimplicityCollect
Datamatrice
WebAR
Wincollect","""Collections and Receivables""
""Funds Control"""
Governmental & Regulatory Tracking & Reporting,,
HR Management,,
Implementation Planning,,
Indirect Sales Portals,,
Interaction Management,,
Internal Sales Portals,,
Jeopardy Management,,
Journalization,,
Knowledge Management,,
Labor Relations,,
Lawful Interception,,
Lead Generation,,"""Marketing Campaigns""
"
Legal,,
Loan Applications,,
Loan Processing,"""Unity Loan System""
""Loan Servicing Soft""
ABS
""Money that Matters""
""BANC Mall""
""Community Bank Software""","""Home Improvement Loans"""
Manage Bill Cycle Run,,
Manage Checking Accounts,"RMS
FraudFinder
Odin
""Check 21 Item Processing""
Innov8
""Create-A-Check FI""","""Open Checking Accounts"""
Mass Market Sales Management,,
Mass Market Sales Reporting & Tracking,,
Mass Market Sales Workflow Management,,
OSS Inventory/Data Synchronization Management,,
Offer Management,,
Online Charging,,
PKI and Digital Certificates,,
Partner Management,,
"Patent, Invention & Trademark Management",,
Payroll Management,,
Performance Management & Feedback,,
Personalize Customer Profile,,
Planning Design Automation,,
Product / Service Rating,,
Product Lifecycle Management,"""IBM Rational Focal Point""","""Product Management""
"
Product Performance Management,,
Product Strategy/Proposition Management,"""System Architect""
""IBM Rational Focal Point""","""Product Management""
"
Product/Service Catalog Management,,
Project Management,,
Quotation Engine,,
RTC,,
Real-time Billing Mediation,,
Receivables Management,,
Records Retention Management,,
Recruitment & Staffing,,
Regulatory & Compliance Management,,
Reporting and Analysis,"CenterSphere
""Q4 Wealth Management System""
""SNL Banker""","""Reporting and Information"""
Resource Activation
Resource Availability
Resource Change Management
Resource Commissioning & Configuration Management
Resource Design / Assign
Resource Discovery
Resource Domain Management
Resource Fault & Performance Data Mediation
Resource Inventory Management
Resource Lifecycle Management
Resource Logistics
Resource Order Configuration Management
Resource Order Data Collection
Resource Order Management
Resource Order Orchestration
Resource Order Publication
Resource Order Tracking & Management
Resource Performance Analysis
Resource Performance Management
Resource Performance Monitoring
Resource Performance Reporting
Resource Process Management (Workflow/Integration)
Resource Service Order Validation
Resource Specification Management
Resource Test Command and Control
Resource Test Lifecycle Management
Resource Test Management
Resource Test Services
Resource Test Strategy and Policy Management
Results Reporting
Retail Outlets
Revenue Assurance Management
Salary Planning,,
Sales Negotiation,,
Sales Portals,,
Savings Account Management,"RMS
FraudFinder","""Open Savings Accounts"""
Security Management,,
Service Activation Management,,
Service Availability,,
Service Configuration Management,,
Service Data Collection,,
Service Design/Assign,,
Service Inventory Management,,
Service Inventory Reconciliation / Synchronization,,
Service Level Agreement Management,,
Service Order Management,,
Service Order Orchestration,,
Service Order Publication,,
Service Order Validation
Service Performance Analysis
Service Performance Management
Service Performance Monitoring
Service Performance Reporting
Service Problem Analysis
Service Problem Correction & Resolution
Service Problem Management
Service Problem Monitoring
Service Problem Reception
Service Problem Reporting
Service Problem Tracking & Management
Service Quality/Monitoring & Impact Analysis
Service Specification Management
Service Test Command and Control
Service Test Lifecycle Management
Service Test Management
Service Test Services
Service Test Strategy and Policy Management
Service-Resource Inventory
Solution Management
Spares & Warehouse Inventory Management
Strategic Planning
Supply Chain Management
Tactical Planning
Tax Applying
Telesales
Time Reporting & Attendance Management
Transactional Document Formatter
Transactional Document Generator
Transactional Document Production
Transportation & Travel Service
Validate Customer Satisfaction,,
Verify Customer Relationship,,
Virtual Network Operators,,
Voucher Management,,
Vulnerability Management,,
WalDOC,,Sales
Wholesale / Interconnect Billing,,
Workforce Management,,
eBilling,,
eShop,,
myCare Self-Serve,,
